"","name","label","concept","geography"
"1","B18101_001","Estimate!!Total:","Sex by Age by Disability Status",NA
"2","B18101_002","Estimate!!Total:!!Male:","Sex by Age by Disability Status",NA
"3","B18101_003","Estimate!!Total:!!Male:!!Under 5 years:","Sex by Age by Disability Status",NA
"4","B18101_004","Estimate!!Total:!!Male:!!Under 5 years:!!With a disability","Sex by Age by Disability Status",NA
"5","B18101_005","Estimate!!Total:!!Male:!!Under 5 years:!!No disability","Sex by Age by Disability Status",NA
"6","B18101_006","Estimate!!Total:!!Male:!!5 to 17 years:","Sex by Age by Disability Status",NA
"7","B18101_007","Estimate!!Total:!!Male:!!5 to 17 years:!!With a disability","Sex by Age by Disability Status",NA
"8","B18101_008","Estimate!!Total:!!Male:!!5 to 17 years:!!No disability","Sex by Age by Disability Status",NA
"9","B18101_009","Estimate!!Total:!!Male:!!18 to 34 years:","Sex by Age by Disability Status",NA
"10","B18101_010","Estimate!!Total:!!Male:!!18 to 34 years:!!With a disability","Sex by Age by Disability Status",NA
"11","B18101_011","Estimate!!Total:!!Male:!!18 to 34 years:!!No disability","Sex by Age by Disability Status",NA
"12","B18101_012","Estimate!!Total:!!Male:!!35 to 64 years:","Sex by Age by Disability Status",NA
"13","B18101_013","Estimate!!Total:!!Male:!!35 to 64 years:!!With a disability","Sex by Age by Disability Status",NA
"14","B18101_014","Estimate!!Total:!!Male:!!35 to 64 years:!!No disability","Sex by Age by Disability Status",NA
"15","B18101_015","Estimate!!Total:!!Male:!!65 to 74 years:","Sex by Age by Disability Status",NA
"16","B18101_016","Estimate!!Total:!!Male:!!65 to 74 years:!!With a disability","Sex by Age by Disability Status",NA
"17","B18101_017","Estimate!!Total:!!Male:!!65 to 74 years:!!No disability","Sex by Age by Disability Status",NA
"18","B18101_018","Estimate!!Total:!!Male:!!75 years and over:","Sex by Age by Disability Status",NA
"19","B18101_019","Estimate!!Total:!!Male:!!75 years and over:!!With a disability","Sex by Age by Disability Status",NA
"20","B18101_020","Estimate!!Total:!!Male:!!75 years and over:!!No disability","Sex by Age by Disability Status",NA
"21","B18101_021","Estimate!!Total:!!Female:","Sex by Age by Disability Status",NA
"22","B18101_022","Estimate!!Total:!!Female:!!Under 5 years:","Sex by Age by Disability Status",NA
"23","B18101_023","Estimate!!Total:!!Female:!!Under 5 years:!!With a disability","Sex by Age by Disability Status",NA
"24","B18101_024","Estimate!!Total:!!Female:!!Under 5 years:!!No disability","Sex by Age by Disability Status",NA
"25","B18101_025","Estimate!!Total:!!Female:!!5 to 17 years:","Sex by Age by Disability Status",NA
"26","B18101_026","Estimate!!Total:!!Female:!!5 to 17 years:!!With a disability","Sex by Age by Disability Status",NA
"27","B18101_027","Estimate!!Total:!!Female:!!5 to 17 years:!!No disability","Sex by Age by Disability Status",NA
"28","B18101_028","Estimate!!Total:!!Female:!!18 to 34 years:","Sex by Age by Disability Status",NA
"29","B18101_029","Estimate!!Total:!!Female:!!18 to 34 years:!!With a disability","Sex by Age by Disability Status",NA
"30","B18101_030","Estimate!!Total:!!Female:!!18 to 34 years:!!No disability","Sex by Age by Disability Status",NA
"31","B18101_031","Estimate!!Total:!!Female:!!35 to 64 years:","Sex by Age by Disability Status",NA
"32","B18101_032","Estimate!!Total:!!Female:!!35 to 64 years:!!With a disability","Sex by Age by Disability Status",NA
"33","B18101_033","Estimate!!Total:!!Female:!!35 to 64 years:!!No disability","Sex by Age by Disability Status",NA
"34","B18101_034","Estimate!!Total:!!Female:!!65 to 74 years:","Sex by Age by Disability Status",NA
"35","B18101_035","Estimate!!Total:!!Female:!!65 to 74 years:!!With a disability","Sex by Age by Disability Status",NA
"36","B18101_036","Estimate!!Total:!!Female:!!65 to 74 years:!!No disability","Sex by Age by Disability Status",NA
"37","B18101_037","Estimate!!Total:!!Female:!!75 years and over:","Sex by Age by Disability Status",NA
"38","B18101_038","Estimate!!Total:!!Female:!!75 years and over:!!With a disability","Sex by Age by Disability Status",NA
"39","B18101_039","Estimate!!Total:!!Female:!!75 years and over:!!No disability","Sex by Age by Disability Status",NA
