,name,label,concept,geography
1,B15001_001,Estimate!!Total:,Sex by Age by Educational Attainment for the Population 18 Years and Over,NA
2,B15001_002,Estimate!!Total:!!Male:,Sex by Age by Educational Attainment for the Population 18 Years and Over,NA
3,B15001_003,Estimate!!Total:!!Male:!!18 to 24 years:,Sex by Age by Educational Attainment for the Population 18 Years and Over,NA
4,B15001_004,Estimate!!Total:!!Male:!!18 to 24 years:!!Less than 9th grade,Sex by Age by Educational Attainment for the Population 18 Years and Over,NA
5,B15001_005,"Estimate!!Total:!!Male:!!18 to 24 years:!!9th to 12th grade, no diploma",Sex by Age by Educational Attainment for the Population 18 Years and Over,NA
6,B15001_006,Estimate!!Total:!!Male:!!18 to 24 years:!!High school graduate (includes equivalency),Sex by Age by Educational Attainment for the Population 18 Years and Over,NA
7,B15001_007,"Estimate!!Total:!!Male:!!18 to 24 years:!!Some college, no degree",Sex by Age by Educational Attainment for the Population 18 Years and Over,NA
8,B15001_008,Estimate!!Total:!!Male:!!18 to 24 years:!!Associate's degree,Sex by Age by Educational Attainment for the Population 18 Years and Over,NA
9,B15001_009,Estimate!!Total:!!Male:!!18 to 24 years:!!Bachelor's degree,Sex by Age by Educational Attainment for the Population 18 Years and Over,NA
10,B15001_010,Estimate!!Total:!!Male:!!18 to 24 years:!!Graduate or professional degree,Sex by Age by Educational Attainment for the Population 18 Years and Over,NA
11,B15001_011,Estimate!!Total:!!Male:!!25 to 34 years:,Sex by Age by Educational Attainment for the Population 18 Years and Over,NA
12,B15001_012,Estimate!!Total:!!Male:!!25 to 34 years:!!Less than 9th grade,Sex by Age by Educational Attainment for the Population 18 Years and Over,NA
13,B15001_013,"Estimate!!Total:!!Male:!!25 to 34 years:!!9th to 12th grade, no diploma",Sex by Age by Educational Attainment for the Population 18 Years and Over,NA
14,B15001_014,Estimate!!Total:!!Male:!!25 to 34 years:!!High school graduate (includes equivalency),Sex by Age by Educational Attainment for the Population 18 Years and Over,NA
15,B15001_015,"Estimate!!Total:!!Male:!!25 to 34 years:!!Some college, no degree",Sex by Age by Educational Attainment for the Population 18 Years and Over,NA
16,B15001_016,Estimate!!Total:!!Male:!!25 to 34 years:!!Associate's degree,Sex by Age by Educational Attainment for the Population 18 Years and Over,NA
17,B15001_017,Estimate!!Total:!!Male:!!25 to 34 years:!!Bachelor's degree,Sex by Age by Educational Attainment for the Population 18 Years and Over,NA
18,B15001_018,Estimate!!Total:!!Male:!!25 to 34 years:!!Graduate or professional degree,Sex by Age by Educational Attainment for the Population 18 Years and Over,NA
19,B15001_019,Estimate!!Total:!!Male:!!35 to 44 years:,Sex by Age by Educational Attainment for the Population 18 Years and Over,NA
20,B15001_020,Estimate!!Total:!!Male:!!35 to 44 years:!!Less than 9th grade,Sex by Age by Educational Attainment for the Population 18 Years and Over,NA
21,B15001_021,"Estimate!!Total:!!Male:!!35 to 44 years:!!9th to 12th grade, no diploma",Sex by Age by Educational Attainment for the Population 18 Years and Over,NA
22,B15001_022,Estimate!!Total:!!Male:!!35 to 44 years:!!High school graduate (includes equivalency),Sex by Age by Educational Attainment for the Population 18 Years and Over,NA
23,B15001_023,"Estimate!!Total:!!Male:!!35 to 44 years:!!Some college, no degree",Sex by Age by Educational Attainment for the Population 18 Years and Over,NA
24,B15001_024,Estimate!!Total:!!Male:!!35 to 44 years:!!Associate's degree,Sex by Age by Educational Attainment for the Population 18 Years and Over,NA
25,B15001_025,Estimate!!Total:!!Male:!!35 to 44 years:!!Bachelor's degree,Sex by Age by Educational Attainment for the Population 18 Years and Over,NA
26,B15001_026,Estimate!!Total:!!Male:!!35 to 44 years:!!Graduate or professional degree,Sex by Age by Educational Attainment for the Population 18 Years and Over,NA
27,B15001_027,Estimate!!Total:!!Male:!!45 to 64 years:,Sex by Age by Educational Attainment for the Population 18 Years and Over,NA
28,B15001_028,Estimate!!Total:!!Male:!!45 to 64 years:!!Less than 9th grade,Sex by Age by Educational Attainment for the Population 18 Years and Over,NA
29,B15001_029,"Estimate!!Total:!!Male:!!45 to 64 years:!!9th to 12th grade, no diploma",Sex by Age by Educational Attainment for the Population 18 Years and Over,NA
30,B15001_030,Estimate!!Total:!!Male:!!45 to 64 years:!!High school graduate (includes equivalency),Sex by Age by Educational Attainment for the Population 18 Years and Over,NA
31,B15001_031,"Estimate!!Total:!!Male:!!45 to 64 years:!!Some college, no degree",Sex by Age by Educational Attainment for the Population 18 Years and Over,NA
32,B15001_032,Estimate!!Total:!!Male:!!45 to 64 years:!!Associate's degree,Sex by Age by Educational Attainment for the Population 18 Years and Over,NA
33,B15001_033,Estimate!!Total:!!Male:!!45 to 64 years:!!Bachelor's degree,Sex by Age by Educational Attainment for the Population 18 Years and Over,NA
34,B15001_034,Estimate!!Total:!!Male:!!45 to 64 years:!!Graduate or professional degree,Sex by Age by Educational Attainment for the Population 18 Years and Over,NA
35,B15001_035,Estimate!!Total:!!Male:!!65 years and over:,Sex by Age by Educational Attainment for the Population 18 Years and Over,NA
36,B15001_036,Estimate!!Total:!!Male:!!65 years and over:!!Less than 9th grade,Sex by Age by Educational Attainment for the Population 18 Years and Over,NA
37,B15001_037,"Estimate!!Total:!!Male:!!65 years and over:!!9th to 12th grade, no diploma",Sex by Age by Educational Attainment for the Population 18 Years and Over,NA
38,B15001_038,Estimate!!Total:!!Male:!!65 years and over:!!High school graduate (includes equivalency),Sex by Age by Educational Attainment for the Population 18 Years and Over,NA
39,B15001_039,"Estimate!!Total:!!Male:!!65 years and over:!!Some college, no degree",Sex by Age by Educational Attainment for the Population 18 Years and Over,NA
40,B15001_040,Estimate!!Total:!!Male:!!65 years and over:!!Associate's degree,Sex by Age by Educational Attainment for the Population 18 Years and Over,NA
41,B15001_041,Estimate!!Total:!!Male:!!65 years and over:!!Bachelor's degree,Sex by Age by Educational Attainment for the Population 18 Years and Over,NA
42,B15001_042,Estimate!!Total:!!Male:!!65 years and over:!!Graduate or professional degree,Sex by Age by Educational Attainment for the Population 18 Years and Over,NA
43,B15001_043,Estimate!!Total:!!Female:,Sex by Age by Educational Attainment for the Population 18 Years and Over,NA
44,B15001_044,Estimate!!Total:!!Female:!!18 to 24 years:,Sex by Age by Educational Attainment for the Population 18 Years and Over,NA
45,B15001_045,Estimate!!Total:!!Female:!!18 to 24 years:!!Less than 9th grade,Sex by Age by Educational Attainment for the Population 18 Years and Over,NA
46,B15001_046,"Estimate!!Total:!!Female:!!18 to 24 years:!!9th to 12th grade, no diploma",Sex by Age by Educational Attainment for the Population 18 Years and Over,NA
47,B15001_047,Estimate!!Total:!!Female:!!18 to 24 years:!!High school graduate (includes equivalency),Sex by Age by Educational Attainment for the Population 18 Years and Over,NA
48,B15001_048,"Estimate!!Total:!!Female:!!18 to 24 years:!!Some college, no degree",Sex by Age by Educational Attainment for the Population 18 Years and Over,NA
49,B15001_049,Estimate!!Total:!!Female:!!18 to 24 years:!!Associate's degree,Sex by Age by Educational Attainment for the Population 18 Years and Over,NA
50,B15001_050,Estimate!!Total:!!Female:!!18 to 24 years:!!Bachelor's degree,Sex by Age by Educational Attainment for the Population 18 Years and Over,NA
51,B15001_051,Estimate!!Total:!!Female:!!18 to 24 years:!!Graduate or professional degree,Sex by Age by Educational Attainment for the Population 18 Years and Over,NA
52,B15001_052,Estimate!!Total:!!Female:!!25 to 34 years:,Sex by Age by Educational Attainment for the Population 18 Years and Over,NA
53,B15001_053,Estimate!!Total:!!Female:!!25 to 34 years:!!Less than 9th grade,Sex by Age by Educational Attainment for the Population 18 Years and Over,NA
54,B15001_054,"Estimate!!Total:!!Female:!!25 to 34 years:!!9th to 12th grade, no diploma",Sex by Age by Educational Attainment for the Population 18 Years and Over,NA
55,B15001_055,Estimate!!Total:!!Female:!!25 to 34 years:!!High school graduate (includes equivalency),Sex by Age by Educational Attainment for the Population 18 Years and Over,NA
56,B15001_056,"Estimate!!Total:!!Female:!!25 to 34 years:!!Some college, no degree",Sex by Age by Educational Attainment for the Population 18 Years and Over,NA
57,B15001_057,Estimate!!Total:!!Female:!!25 to 34 years:!!Associate's degree,Sex by Age by Educational Attainment for the Population 18 Years and Over,NA
58,B15001_058,Estimate!!Total:!!Female:!!25 to 34 years:!!Bachelor's degree,Sex by Age by Educational Attainment for the Population 18 Years and Over,NA
59,B15001_059,Estimate!!Total:!!Female:!!25 to 34 years:!!Graduate or professional degree,Sex by Age by Educational Attainment for the Population 18 Years and Over,NA
60,B15001_060,Estimate!!Total:!!Female:!!35 to 44 years:,Sex by Age by Educational Attainment for the Population 18 Years and Over,NA
61,B15001_061,Estimate!!Total:!!Female:!!35 to 44 years:!!Less than 9th grade,Sex by Age by Educational Attainment for the Population 18 Years and Over,NA
62,B15001_062,"Estimate!!Total:!!Female:!!35 to 44 years:!!9th to 12th grade, no diploma",Sex by Age by Educational Attainment for the Population 18 Years and Over,NA
63,B15001_063,Estimate!!Total:!!Female:!!35 to 44 years:!!High school graduate (includes equivalency),Sex by Age by Educational Attainment for the Population 18 Years and Over,NA
64,B15001_064,"Estimate!!Total:!!Female:!!35 to 44 years:!!Some college, no degree",Sex by Age by Educational Attainment for the Population 18 Years and Over,NA
65,B15001_065,Estimate!!Total:!!Female:!!35 to 44 years:!!Associate's degree,Sex by Age by Educational Attainment for the Population 18 Years and Over,NA
66,B15001_066,Estimate!!Total:!!Female:!!35 to 44 years:!!Bachelor's degree,Sex by Age by Educational Attainment for the Population 18 Years and Over,NA
67,B15001_067,Estimate!!Total:!!Female:!!35 to 44 years:!!Graduate or professional degree,Sex by Age by Educational Attainment for the Population 18 Years and Over,NA
68,B15001_068,Estimate!!Total:!!Female:!!45 to 64 years:,Sex by Age by Educational Attainment for the Population 18 Years and Over,NA
69,B15001_069,Estimate!!Total:!!Female:!!45 to 64 years:!!Less than 9th grade,Sex by Age by Educational Attainment for the Population 18 Years and Over,NA
70,B15001_070,"Estimate!!Total:!!Female:!!45 to 64 years:!!9th to 12th grade, no diploma",Sex by Age by Educational Attainment for the Population 18 Years and Over,NA
71,B15001_071,Estimate!!Total:!!Female:!!45 to 64 years:!!High school graduate (includes equivalency),Sex by Age by Educational Attainment for the Population 18 Years and Over,NA
72,B15001_072,"Estimate!!Total:!!Female:!!45 to 64 years:!!Some college, no degree",Sex by Age by Educational Attainment for the Population 18 Years and Over,NA
73,B15001_073,Estimate!!Total:!!Female:!!45 to 64 years:!!Associate's degree,Sex by Age by Educational Attainment for the Population 18 Years and Over,NA
74,B15001_074,Estimate!!Total:!!Female:!!45 to 64 years:!!Bachelor's degree,Sex by Age by Educational Attainment for the Population 18 Years and Over,NA
75,B15001_075,Estimate!!Total:!!Female:!!45 to 64 years:!!Graduate or professional degree,Sex by Age by Educational Attainment for the Population 18 Years and Over,NA
76,B15001_076,Estimate!!Total:!!Female:!!65 years and over:,Sex by Age by Educational Attainment for the Population 18 Years and Over,NA
77,B15001_077,Estimate!!Total:!!Female:!!65 years and over:!!Less than 9th grade,Sex by Age by Educational Attainment for the Population 18 Years and Over,NA
78,B15001_078,"Estimate!!Total:!!Female:!!65 years and over:!!9th to 12th grade, no diploma",Sex by Age by Educational Attainment for the Population 18 Years and Over,NA
79,B15001_079,Estimate!!Total:!!Female:!!65 years and over:!!High school graduate (includes equivalency),Sex by Age by Educational Attainment for the Population 18 Years and Over,NA
80,B15001_080,"Estimate!!Total:!!Female:!!65 years and over:!!Some college, no degree",Sex by Age by Educational Attainment for the Population 18 Years and Over,NA
81,B15001_081,Estimate!!Total:!!Female:!!65 years and over:!!Associate's degree,Sex by Age by Educational Attainment for the Population 18 Years and Over,NA
82,B15001_082,Estimate!!Total:!!Female:!!65 years and over:!!Bachelor's degree,Sex by Age by Educational Attainment for the Population 18 Years and Over,NA
83,B15001_083,Estimate!!Total:!!Female:!!65 years and over:!!Graduate or professional degree,Sex by Age by Educational Attainment for the Population 18 Years and Over,NA
84,B15003_001,Estimate!!Total:,Educational Attainment for the Population 25 Years and Over,NA
85,B15003_002,Estimate!!Total:!!No schooling completed,Educational Attainment for the Population 25 Years and Over,NA
86,B15003_003,Estimate!!Total:!!Nursery school,Educational Attainment for the Population 25 Years and Over,NA
87,B15003_004,Estimate!!Total:!!Kindergarten,Educational Attainment for the Population 25 Years and Over,NA
88,B15003_005,Estimate!!Total:!!1st grade,Educational Attainment for the Population 25 Years and Over,NA
89,B15003_006,Estimate!!Total:!!2nd grade,Educational Attainment for the Population 25 Years and Over,NA
90,B15003_007,Estimate!!Total:!!3rd grade,Educational Attainment for the Population 25 Years and Over,NA
91,B15003_008,Estimate!!Total:!!4th grade,Educational Attainment for the Population 25 Years and Over,NA
92,B15003_009,Estimate!!Total:!!5th grade,Educational Attainment for the Population 25 Years and Over,NA
93,B15003_010,Estimate!!Total:!!6th grade,Educational Attainment for the Population 25 Years and Over,NA
94,B15003_011,Estimate!!Total:!!7th grade,Educational Attainment for the Population 25 Years and Over,NA
95,B15003_012,Estimate!!Total:!!8th grade,Educational Attainment for the Population 25 Years and Over,NA
96,B15003_013,Estimate!!Total:!!9th grade,Educational Attainment for the Population 25 Years and Over,NA
97,B15003_014,Estimate!!Total:!!10th grade,Educational Attainment for the Population 25 Years and Over,NA
98,B15003_015,Estimate!!Total:!!11th grade,Educational Attainment for the Population 25 Years and Over,NA
99,B15003_016,"Estimate!!Total:!!12th grade, no diploma",Educational Attainment for the Population 25 Years and Over,NA
100,B15003_017,Estimate!!Total:!!Regular high school diploma,Educational Attainment for the Population 25 Years and Over,NA
101,B15003_018,Estimate!!Total:!!GED or alternative credential,Educational Attainment for the Population 25 Years and Over,NA
102,B15003_019,"Estimate!!Total:!!Some college, less than 1 year",Educational Attainment for the Population 25 Years and Over,NA
103,B15003_020,"Estimate!!Total:!!Some college, 1 or more years, no degree",Educational Attainment for the Population 25 Years and Over,NA
104,B15003_021,Estimate!!Total:!!Associate's degree,Educational Attainment for the Population 25 Years and Over,NA
105,B15003_022,Estimate!!Total:!!Bachelor's degree,Educational Attainment for the Population 25 Years and Over,NA
106,B15003_023,Estimate!!Total:!!Master's degree,Educational Attainment for the Population 25 Years and Over,NA
107,B15003_024,Estimate!!Total:!!Professional school degree,Educational Attainment for the Population 25 Years and Over,NA
108,B15003_025,Estimate!!Total:!!Doctorate degree,Educational Attainment for the Population 25 Years and Over,NA
