"","GEOID","NAME","variable","estimate","moe"
"1","48001","Anderson County, Texas","B17009_002",2492,432
"2","48001","Anderson County, Texas","B17009_019",2137,418
"3","48003","Andrews County, Texas","B17009_002",822,375
"4","48003","Andrews County, Texas","B17009_019",447,147
"5","48005","Angelina County, Texas","B17009_002",4337,674
"6","48005","Angelina County, Texas","B17009_019",3287,423
"7","48007","Aransas County, Texas","B17009_002",1500,398
"8","48007","Aransas County, Texas","B17009_019",1468,334
"9","48009","Archer County, Texas","B17009_002",377,89
"10","48009","Archer County, Texas","B17009_019",446,116
"11","48011","Armstrong County, Texas","B17009_002",20,14
"12","48011","Armstrong County, Texas","B17009_019",77,33
"13","48013","Atascosa County, Texas","B17009_002",2007,401
"14","48013","Atascosa County, Texas","B17009_019",1833,349
"15","48015","Austin County, Texas","B17009_002",1317,317
"16","48015","Austin County, Texas","B17009_019",1185,225
"17","48017","Bailey County, Texas","B17009_002",408,164
"18","48017","Bailey County, Texas","B17009_019",175,93
"19","48019","Bandera County, Texas","B17009_002",1544,351
"20","48019","Bandera County, Texas","B17009_019",1375,239
"21","48021","Bastrop County, Texas","B17009_002",3238,593
"22","48021","Bastrop County, Texas","B17009_019",3057,411
"23","48023","Baylor County, Texas","B17009_002",291,90
"24","48023","Baylor County, Texas","B17009_019",110,63
"25","48025","Bee County, Texas","B17009_002",1750,424
"26","48025","Bee County, Texas","B17009_019",744,185
"27","48027","Bell County, Texas","B17009_002",15500,945
"28","48027","Bell County, Texas","B17009_019",11381,863
"29","48029","Bexar County, Texas","B17009_002",93035,3239
"30","48029","Bexar County, Texas","B17009_019",54390,2251
"31","48031","Blanco County, Texas","B17009_002",355,143
"32","48031","Blanco County, Texas","B17009_019",384,127
"33","48033","Borden County, Texas","B17009_002",12,13
"34","48033","Borden County, Texas","B17009_019",11,9
"35","48035","Bosque County, Texas","B17009_002",653,149
"36","48035","Bosque County, Texas","B17009_019",857,143
"37","48037","Bowie County, Texas","B17009_002",4892,651
"38","48037","Bowie County, Texas","B17009_019",4037,505
"39","48039","Brazoria County, Texas","B17009_002",10002,973
"40","48039","Brazoria County, Texas","B17009_019",8838,887
"41","48041","Brazos County, Texas","B17009_002",33572,1539
"42","48041","Brazos County, Texas","B17009_019",5269,744
"43","48043","Brewster County, Texas","B17009_002",628,241
"44","48043","Brewster County, Texas","B17009_019",545,173
"45","48045","Briscoe County, Texas","B17009_002",119,55
"46","48045","Briscoe County, Texas","B17009_019",54,24
"47","48047","Brooks County, Texas","B17009_002",600,263
"48","48047","Brooks County, Texas","B17009_019",81,57
"49","48049","Brown County, Texas","B17009_002",1708,279
"50","48049","Brown County, Texas","B17009_019",1839,345
"51","48051","Burleson County, Texas","B17009_002",893,250
"52","48051","Burleson County, Texas","B17009_019",861,218
"53","48053","Burnet County, Texas","B17009_002",1465,341
"54","48053","Burnet County, Texas","B17009_019",1830,270
"55","48055","Caldwell County, Texas","B17009_002",2713,509
"56","48055","Caldwell County, Texas","B17009_019",1295,250
"57","48057","Calhoun County, Texas","B17009_002",667,305
"58","48057","Calhoun County, Texas","B17009_019",684,208
"59","48059","Callahan County, Texas","B17009_002",579,191
"60","48059","Callahan County, Texas","B17009_019",584,149
"61","48061","Cameron County, Texas","B17009_002",16190,969
"62","48061","Cameron County, Texas","B17009_019",9115,836
"63","48063","Camp County, Texas","B17009_002",584,192
"64","48063","Camp County, Texas","B17009_019",502,154
"65","48065","Carson County, Texas","B17009_002",252,102
"66","48065","Carson County, Texas","B17009_019",279,98
"67","48067","Cass County, Texas","B17009_002",1836,316
"68","48067","Cass County, Texas","B17009_019",1306,235
"69","48069","Castro County, Texas","B17009_002",219,89
"70","48069","Castro County, Texas","B17009_019",67,46
"71","48071","Chambers County, Texas","B17009_002",1576,549
"72","48071","Chambers County, Texas","B17009_019",1238,332
"73","48073","Cherokee County, Texas","B17009_002",2279,338
"74","48073","Cherokee County, Texas","B17009_019",1650,302
"75","48075","Childress County, Texas","B17009_002",222,95
"76","48075","Childress County, Texas","B17009_019",304,125
"77","48077","Clay County, Texas","B17009_002",327,87
"78","48077","Clay County, Texas","B17009_019",421,125
"79","48079","Cochran County, Texas","B17009_002",174,61
"80","48079","Cochran County, Texas","B17009_019",76,47
"81","48081","Coke County, Texas","B17009_002",231,75
"82","48081","Coke County, Texas","B17009_019",271,77
"83","48083","Coleman County, Texas","B17009_002",466,167
"84","48083","Coleman County, Texas","B17009_019",562,156
"85","48085","Collin County, Texas","B17009_002",24361,1685
"86","48085","Collin County, Texas","B17009_019",20601,1158
"87","48087","Collingsworth County, Texas","B17009_002",70,39
"88","48087","Collingsworth County, Texas","B17009_019",75,28
"89","48089","Colorado County, Texas","B17009_002",927,295
"90","48089","Colorado County, Texas","B17009_019",870,228
"91","48091","Comal County, Texas","B17009_002",4993,686
"92","48091","Comal County, Texas","B17009_019",6755,583
"93","48093","Comanche County, Texas","B17009_002",559,168
"94","48093","Comanche County, Texas","B17009_019",501,118
"95","48095","Concho County, Texas","B17009_002",72,38
"96","48095","Concho County, Texas","B17009_019",85,50
"97","48097","Cooke County, Texas","B17009_002",1578,339
"98","48097","Cooke County, Texas","B17009_019",1744,281
"99","48099","Coryell County, Texas","B17009_002",2805,472
"100","48099","Coryell County, Texas","B17009_019",2702,347
"101","48101","Cottle County, Texas","B17009_002",62,63
"102","48101","Cottle County, Texas","B17009_019",76,50
"103","48103","Crane County, Texas","B17009_002",148,129
"104","48103","Crane County, Texas","B17009_019",95,64
"105","48105","Crockett County, Texas","B17009_002",205,139
"106","48105","Crockett County, Texas","B17009_019",85,84
"107","48107","Crosby County, Texas","B17009_002",245,71
"108","48107","Crosby County, Texas","B17009_019",182,54
"109","48109","Culberson County, Texas","B17009_002",92,66
"110","48109","Culberson County, Texas","B17009_019",132,114
"111","48111","Dallam County, Texas","B17009_002",253,147
"112","48111","Dallam County, Texas","B17009_019",161,95
"113","48113","Dallas County, Texas","B17009_002",103108,3425
"114","48113","Dallas County, Texas","B17009_019",58070,2032
"115","48115","Dawson County, Texas","B17009_002",681,207
"116","48115","Dawson County, Texas","B17009_019",283,94
"117","48117","Deaf Smith County, Texas","B17009_002",681,202
"118","48117","Deaf Smith County, Texas","B17009_019",316,132
"119","48119","Delta County, Texas","B17009_002",240,88
"120","48119","Delta County, Texas","B17009_019",271,108
"121","48121","Denton County, Texas","B17009_002",29167,1761
"122","48121","Denton County, Texas","B17009_019",18515,1313
"123","48123","DeWitt County, Texas","B17009_002",1020,204
"124","48123","DeWitt County, Texas","B17009_019",986,232
"125","48125","Dickens County, Texas","B17009_002",97,32
"126","48125","Dickens County, Texas","B17009_019",75,33
"127","48127","Dimmit County, Texas","B17009_002",769,229
"128","48127","Dimmit County, Texas","B17009_019",63,38
"129","48129","Donley County, Texas","B17009_002",162,79
"130","48129","Donley County, Texas","B17009_019",126,55
"131","48131","Duval County, Texas","B17009_002",782,351
"132","48131","Duval County, Texas","B17009_019",371,138
"133","48133","Eastland County, Texas","B17009_002",1106,261
"134","48133","Eastland County, Texas","B17009_019",810,182
"135","48135","Ector County, Texas","B17009_002",6843,1074
"136","48135","Ector County, Texas","B17009_019",3701,555
"137","48137","Edwards County, Texas","B17009_002",42,38
"138","48137","Edwards County, Texas","B17009_019",7,8
"139","48139","Ellis County, Texas","B17009_002",4453,705
"140","48139","Ellis County, Texas","B17009_019",4662,561
"141","48141","El Paso County, Texas","B17009_002",35971,1687
"142","48141","El Paso County, Texas","B17009_019",18174,1133
"143","48143","Erath County, Texas","B17009_002",3226,419
"144","48143","Erath County, Texas","B17009_019",1394,184
"145","48145","Falls County, Texas","B17009_002",1008,279
"146","48145","Falls County, Texas","B17009_019",929,248
"147","48147","Fannin County, Texas","B17009_002",1589,301
"148","48147","Fannin County, Texas","B17009_019",1342,187
"149","48149","Fayette County, Texas","B17009_002",1023,233
"150","48149","Fayette County, Texas","B17009_019",1185,226
"151","48151","Fisher County, Texas","B17009_002",162,61
"152","48151","Fisher County, Texas","B17009_019",157,47
"153","48153","Floyd County, Texas","B17009_002",231,100
"154","48153","Floyd County, Texas","B17009_019",162,65
"155","48155","Foard County, Texas","B17009_002",52,42
"156","48155","Foard County, Texas","B17009_019",50,31
"157","48157","Fort Bend County, Texas","B17009_002",13861,1374
"158","48157","Fort Bend County, Texas","B17009_019",13097,951
"159","48159","Franklin County, Texas","B17009_002",437,175
"160","48159","Franklin County, Texas","B17009_019",393,130
"161","48161","Freestone County, Texas","B17009_002",823,231
"162","48161","Freestone County, Texas","B17009_019",825,153
"163","48163","Frio County, Texas","B17009_002",1001,273
"164","48163","Frio County, Texas","B17009_019",267,130
"165","48165","Gaines County, Texas","B17009_002",568,207
"166","48165","Gaines County, Texas","B17009_019",608,212
"167","48167","Galveston County, Texas","B17009_002",14289,940
"168","48167","Galveston County, Texas","B17009_019",11894,886
"169","48169","Garza County, Texas","B17009_002",146,92
"170","48169","Garza County, Texas","B17009_019",179,106
"171","48171","Gillespie County, Texas","B17009_002",1158,278
"172","48171","Gillespie County, Texas","B17009_019",1591,332
"173","48173","Glasscock County, Texas","B17009_002",35,30
"174","48173","Glasscock County, Texas","B17009_019",70,41
"175","48175","Goliad County, Texas","B17009_002",348,98
"176","48175","Goliad County, Texas","B17009_019",297,116
"177","48177","Gonzales County, Texas","B17009_002",995,262
"178","48177","Gonzales County, Texas","B17009_019",770,212
"179","48179","Gray County, Texas","B17009_002",811,185
"180","48179","Gray County, Texas","B17009_019",696,143
"181","48181","Grayson County, Texas","B17009_002",5033,570
"182","48181","Grayson County, Texas","B17009_019",5996,635
"183","48183","Gregg County, Texas","B17009_002",5676,654
"184","48183","Gregg County, Texas","B17009_019",4505,565
"185","48185","Grimes County, Texas","B17009_002",898,270
"186","48185","Grimes County, Texas","B17009_019",1009,254
"187","48187","Guadalupe County, Texas","B17009_002",6100,784
"188","48187","Guadalupe County, Texas","B17009_019",4670,476
"189","48189","Hale County, Texas","B17009_002",1728,336
"190","48189","Hale County, Texas","B17009_019",942,200
"191","48191","Hall County, Texas","B17009_002",139,62
"192","48191","Hall County, Texas","B17009_019",108,40
"193","48193","Hamilton County, Texas","B17009_002",487,166
"194","48193","Hamilton County, Texas","B17009_019",546,140
"195","48195","Hansford County, Texas","B17009_002",162,77
"196","48195","Hansford County, Texas","B17009_019",147,55
"197","48197","Hardeman County, Texas","B17009_002",209,72
"198","48197","Hardeman County, Texas","B17009_019",156,62
"199","48199","Hardin County, Texas","B17009_002",2311,530
"200","48199","Hardin County, Texas","B17009_019",2625,356
"201","48201","Harris County, Texas","B17009_002",198458,5668
"202","48201","Harris County, Texas","B17009_019",99262,3012
"203","48203","Harrison County, Texas","B17009_002",3466,767
"204","48203","Harrison County, Texas","B17009_019",2297,391
"205","48205","Hartley County, Texas","B17009_002",49,38
"206","48205","Hartley County, Texas","B17009_019",180,91
"207","48207","Haskell County, Texas","B17009_002",275,88
"208","48207","Haskell County, Texas","B17009_019",190,67
"209","48209","Hays County, Texas","B17009_002",18718,1377
"210","48209","Hays County, Texas","B17009_019",6500,1014
"211","48211","Hemphill County, Texas","B17009_002",149,83
"212","48211","Hemphill County, Texas","B17009_019",137,61
"213","48213","Henderson County, Texas","B17009_002",4038,511
"214","48213","Henderson County, Texas","B17009_019",4142,509
"215","48215","Hidalgo County, Texas","B17009_002",31013,1616
"216","48215","Hidalgo County, Texas","B17009_019",13877,990
"217","48217","Hill County, Texas","B17009_002",1690,283
"218","48217","Hill County, Texas","B17009_019",1767,229
"219","48219","Hockley County, Texas","B17009_002",787,154
"220","48219","Hockley County, Texas","B17009_019",622,117
"221","48221","Hood County, Texas","B17009_002",1790,315
"222","48221","Hood County, Texas","B17009_019",2912,402
"223","48223","Hopkins County, Texas","B17009_002",1346,261
"224","48223","Hopkins County, Texas","B17009_019",1305,218
"225","48225","Houston County, Texas","B17009_002",1238,261
"226","48225","Houston County, Texas","B17009_019",967,198
"227","48227","Howard County, Texas","B17009_002",1577,345
"228","48227","Howard County, Texas","B17009_019",982,189
"229","48229","Hudspeth County, Texas","B17009_002",142,67
"230","48229","Hudspeth County, Texas","B17009_019",86,43
"231","48231","Hunt County, Texas","B17009_002",3970,485
"232","48231","Hunt County, Texas","B17009_019",3641,558
"233","48233","Hutchinson County, Texas","B17009_002",1090,256
"234","48233","Hutchinson County, Texas","B17009_019",940,190
"235","48235","Irion County, Texas","B17009_002",41,44
"236","48235","Irion County, Texas","B17009_019",67,36
"237","48237","Jack County, Texas","B17009_002",378,132
"238","48237","Jack County, Texas","B17009_019",295,107
"239","48239","Jackson County, Texas","B17009_002",599,186
"240","48239","Jackson County, Texas","B17009_019",504,160
"241","48241","Jasper County, Texas","B17009_002",1501,393
"242","48241","Jasper County, Texas","B17009_019",1930,353
"243","48243","Jeff Davis County, Texas","B17009_002",196,113
"244","48243","Jeff Davis County, Texas","B17009_019",163,105
"245","48245","Jefferson County, Texas","B17009_002",13613,1089
"246","48245","Jefferson County, Texas","B17009_019",8514,710
"247","48247","Jim Hogg County, Texas","B17009_002",285,174
"248","48247","Jim Hogg County, Texas","B17009_019",100,76
"249","48249","Jim Wells County, Texas","B17009_002",1569,330
"250","48249","Jim Wells County, Texas","B17009_019",886,220
"251","48251","Johnson County, Texas","B17009_002",6139,865
"252","48251","Johnson County, Texas","B17009_019",4293,499
"253","48253","Jones County, Texas","B17009_002",686,180
"254","48253","Jones County, Texas","B17009_019",545,154
"255","48255","Karnes County, Texas","B17009_002",998,272
"256","48255","Karnes County, Texas","B17009_019",435,110
"257","48257","Kaufman County, Texas","B17009_002",3819,504
"258","48257","Kaufman County, Texas","B17009_019",2617,395
"259","48259","Kendall County, Texas","B17009_002",1014,291
"260","48259","Kendall County, Texas","B17009_019",1554,344
"261","48261","Kenedy County, Texas","B17009_002",22,18
"262","48261","Kenedy County, Texas","B17009_019",4,4
"263","48263","Kent County, Texas","B17009_002",55,34
"264","48263","Kent County, Texas","B17009_019",43,24
"265","48265","Kerr County, Texas","B17009_002",2724,444
"266","48265","Kerr County, Texas","B17009_019",3351,424
"267","48267","Kimble County, Texas","B17009_002",235,98
"268","48267","Kimble County, Texas","B17009_019",223,107
"269","48269","King County, Texas","B17009_002",13,15
"270","48269","King County, Texas","B17009_019",0,15
"271","48271","Kinney County, Texas","B17009_002",71,73
"272","48271","Kinney County, Texas","B17009_019",152,95
"273","48273","Kleberg County, Texas","B17009_002",2980,635
"274","48273","Kleberg County, Texas","B17009_019",488,152
"275","48275","Knox County, Texas","B17009_002",154,51
"276","48275","Knox County, Texas","B17009_019",139,43
"277","48277","Lamar County, Texas","B17009_002",2621,407
"278","48277","Lamar County, Texas","B17009_019",2390,354
"279","48279","Lamb County, Texas","B17009_002",683,178
"280","48279","Lamb County, Texas","B17009_019",250,76
"281","48281","Lampasas County, Texas","B17009_002",666,181
"282","48281","Lampasas County, Texas","B17009_019",1224,241
"283","48283","La Salle County, Texas","B17009_002",153,82
"284","48283","La Salle County, Texas","B17009_019",115,83
"285","48285","Lavaca County, Texas","B17009_002",711,191
"286","48285","Lavaca County, Texas","B17009_019",987,194
"287","48287","Lee County, Texas","B17009_002",488,182
"288","48287","Lee County, Texas","B17009_019",630,206
"289","48289","Leon County, Texas","B17009_002",712,205
"290","48289","Leon County, Texas","B17009_019",828,192
"291","48291","Liberty County, Texas","B17009_002",3484,602
"292","48291","Liberty County, Texas","B17009_019",2576,402
"293","48293","Limestone County, Texas","B17009_002",1325,235
"294","48293","Limestone County, Texas","B17009_019",877,184
"295","48295","Lipscomb County, Texas","B17009_002",79,37
"296","48295","Lipscomb County, Texas","B17009_019",90,27
"297","48297","Live Oak County, Texas","B17009_002",622,175
"298","48297","Live Oak County, Texas","B17009_019",355,175
"299","48299","Llano County, Texas","B17009_002",784,225
"300","48299","Llano County, Texas","B17009_019",1859,331
"301","48301","Loving County, Texas","B17009_002",2,2
"302","48301","Loving County, Texas","B17009_019",2,3
"303","48303","Lubbock County, Texas","B17009_002",25110,1434
"304","48303","Lubbock County, Texas","B17009_019",8844,725
"305","48305","Lynn County, Texas","B17009_002",185,64
"306","48305","Lynn County, Texas","B17009_019",150,62
"307","48307","McCulloch County, Texas","B17009_002",433,130
"308","48307","McCulloch County, Texas","B17009_019",426,138
"309","48309","McLennan County, Texas","B17009_002",18082,1551
"310","48309","McLennan County, Texas","B17009_019",8023,725
"311","48311","McMullen County, Texas","B17009_002",4,5
"312","48311","McMullen County, Texas","B17009_019",32,24
"313","48313","Madison County, Texas","B17009_002",399,154
"314","48313","Madison County, Texas","B17009_019",333,144
"315","48315","Marion County, Texas","B17009_002",700,218
"316","48315","Marion County, Texas","B17009_019",770,208
"317","48317","Martin County, Texas","B17009_002",184,90
"318","48317","Martin County, Texas","B17009_019",71,54
"319","48319","Mason County, Texas","B17009_002",249,103
"320","48319","Mason County, Texas","B17009_019",152,60
"321","48321","Matagorda County, Texas","B17009_002",1751,440
"322","48321","Matagorda County, Texas","B17009_019",1587,321
"323","48323","Maverick County, Texas","B17009_002",2535,426
"324","48323","Maverick County, Texas","B17009_019",996,297
"325","48325","Medina County, Texas","B17009_002",1745,476
"326","48325","Medina County, Texas","B17009_019",2120,363
"327","48327","Menard County, Texas","B17009_002",179,107
"328","48327","Menard County, Texas","B17009_019",115,79
"329","48329","Midland County, Texas","B17009_002",5902,787
"330","48329","Midland County, Texas","B17009_019",4831,669
"331","48331","Milam County, Texas","B17009_002",1227,286
"332","48331","Milam County, Texas","B17009_019",1104,216
"333","48333","Mills County, Texas","B17009_002",116,42
"334","48333","Mills County, Texas","B17009_019",208,73
"335","48335","Mitchell County, Texas","B17009_002",527,225
"336","48335","Mitchell County, Texas","B17009_019",292,86
"337","48337","Montague County, Texas","B17009_002",1066,229
"338","48337","Montague County, Texas","B17009_019",1317,269
"339","48339","Montgomery County, Texas","B17009_002",18492,1453
"340","48339","Montgomery County, Texas","B17009_019",15845,1309
"341","48341","Moore County, Texas","B17009_002",613,207
"342","48341","Moore County, Texas","B17009_019",406,159
"343","48343","Morris County, Texas","B17009_002",667,183
"344","48343","Morris County, Texas","B17009_019",592,160
"345","48345","Motley County, Texas","B17009_002",54,32
"346","48345","Motley County, Texas","B17009_019",16,14
"347","48347","Nacogdoches County, Texas","B17009_002",4878,630
"348","48347","Nacogdoches County, Texas","B17009_019",2017,308
"349","48349","Navarro County, Texas","B17009_002",2361,427
"350","48349","Navarro County, Texas","B17009_019",1479,277
"351","48351","Newton County, Texas","B17009_002",838,238
"352","48351","Newton County, Texas","B17009_019",561,143
"353","48353","Nolan County, Texas","B17009_002",901,228
"354","48353","Nolan County, Texas","B17009_019",638,145
"355","48355","Nueces County, Texas","B17009_002",17946,1213
"356","48355","Nueces County, Texas","B17009_019",10131,891
"357","48357","Ochiltree County, Texas","B17009_002",517,152
"358","48357","Ochiltree County, Texas","B17009_019",162,66
"359","48359","Oldham County, Texas","B17009_002",95,38
"360","48359","Oldham County, Texas","B17009_019",31,15
"361","48361","Orange County, Texas","B17009_002",3774,531
"362","48361","Orange County, Texas","B17009_019",3024,480
"363","48363","Palo Pinto County, Texas","B17009_002",1681,304
"364","48363","Palo Pinto County, Texas","B17009_019",940,185
"365","48365","Panola County, Texas","B17009_002",844,240
"366","48365","Panola County, Texas","B17009_019",1271,270
"367","48367","Parker County, Texas","B17009_002",4556,609
"368","48367","Parker County, Texas","B17009_019",4043,550
"369","48369","Parmer County, Texas","B17009_002",217,104
"370","48369","Parmer County, Texas","B17009_019",84,44
"371","48371","Pecos County, Texas","B17009_002",746,234
"372","48371","Pecos County, Texas","B17009_019",366,141
"373","48373","Polk County, Texas","B17009_002",2297,407
"374","48373","Polk County, Texas","B17009_019",2161,336
"375","48375","Potter County, Texas","B17009_002",6401,684
"376","48375","Potter County, Texas","B17009_019",4051,460
"377","48377","Presidio County, Texas","B17009_002",468,171
"378","48377","Presidio County, Texas","B17009_019",287,164
"379","48379","Rains County, Texas","B17009_002",365,110
"380","48379","Rains County, Texas","B17009_019",559,214
"381","48381","Randall County, Texas","B17009_002",4874,726
"382","48381","Randall County, Texas","B17009_019",5244,556
"383","48383","Reagan County, Texas","B17009_002",73,45
"384","48383","Reagan County, Texas","B17009_019",67,57
"385","48385","Real County, Texas","B17009_002",155,105
"386","48385","Real County, Texas","B17009_019",289,109
"387","48387","Red River County, Texas","B17009_002",556,141
"388","48387","Red River County, Texas","B17009_019",616,182
"389","48389","Reeves County, Texas","B17009_002",711,230
"390","48389","Reeves County, Texas","B17009_019",312,134
"391","48391","Refugio County, Texas","B17009_002",323,107
"392","48391","Refugio County, Texas","B17009_019",339,79
"393","48393","Roberts County, Texas","B17009_002",17,15
"394","48393","Roberts County, Texas","B17009_019",24,23
"395","48395","Robertson County, Texas","B17009_002",844,186
"396","48395","Robertson County, Texas","B17009_019",690,173
"397","48397","Rockwall County, Texas","B17009_002",1449,344
"398","48397","Rockwall County, Texas","B17009_019",2756,466
"399","48399","Runnels County, Texas","B17009_002",372,104
"400","48399","Runnels County, Texas","B17009_019",398,92
"401","48401","Rusk County, Texas","B17009_002",1835,339
"402","48401","Rusk County, Texas","B17009_019",1993,312
"403","48403","Sabine County, Texas","B17009_002",539,150
"404","48403","Sabine County, Texas","B17009_019",667,202
"405","48405","San Augustine County, Texas","B17009_002",564,175
"406","48405","San Augustine County, Texas","B17009_019",250,90
"407","48407","San Jacinto County, Texas","B17009_002",1097,317
"408","48407","San Jacinto County, Texas","B17009_019",950,225
"409","48409","San Patricio County, Texas","B17009_002",2399,404
"410","48409","San Patricio County, Texas","B17009_019",2335,377
"411","48411","San Saba County, Texas","B17009_002",148,58
"412","48411","San Saba County, Texas","B17009_019",245,83
"413","48413","Schleicher County, Texas","B17009_002",97,59
"414","48413","Schleicher County, Texas","B17009_019",79,49
"415","48415","Scurry County, Texas","B17009_002",660,264
"416","48415","Scurry County, Texas","B17009_019",664,168
"417","48417","Shackelford County, Texas","B17009_002",139,57
"418","48417","Shackelford County, Texas","B17009_019",116,42
"419","48419","Shelby County, Texas","B17009_002",1266,267
"420","48419","Shelby County, Texas","B17009_019",885,174
"421","48421","Sherman County, Texas","B17009_002",44,33
"422","48421","Sherman County, Texas","B17009_019",101,59
"423","48423","Smith County, Texas","B17009_002",10063,1557
"424","48423","Smith County, Texas","B17009_019",8094,684
"425","48425","Somervell County, Texas","B17009_002",437,143
"426","48425","Somervell County, Texas","B17009_019",428,131
"427","48427","Starr County, Texas","B17009_002",3350,510
"428","48427","Starr County, Texas","B17009_019",797,250
"429","48429","Stephens County, Texas","B17009_002",450,152
"430","48429","Stephens County, Texas","B17009_019",391,135
"431","48431","Sterling County, Texas","B17009_002",47,37
"432","48431","Sterling County, Texas","B17009_019",23,22
"433","48433","Stonewall County, Texas","B17009_002",62,50
"434","48433","Stonewall County, Texas","B17009_019",48,28
"435","48435","Sutton County, Texas","B17009_002",93,59
"436","48435","Sutton County, Texas","B17009_019",79,62
"437","48437","Swisher County, Texas","B17009_002",516,198
"438","48437","Swisher County, Texas","B17009_019",426,133
"439","48439","Tarrant County, Texas","B17009_002",75301,2711
"440","48439","Tarrant County, Texas","B17009_019",52784,1686
"441","48441","Taylor County, Texas","B17009_002",8332,781
"442","48441","Taylor County, Texas","B17009_019",4794,616
"443","48443","Terrell County, Texas","B17009_002",51,53
"444","48443","Terrell County, Texas","B17009_019",110,68
"445","48445","Terry County, Texas","B17009_002",564,227
"446","48445","Terry County, Texas","B17009_019",456,155
"447","48447","Throckmorton County, Texas","B17009_002",114,44
"448","48447","Throckmorton County, Texas","B17009_019",98,41
"449","48449","Titus County, Texas","B17009_002",1222,265
"450","48449","Titus County, Texas","B17009_019",819,153
"451","48451","Tom Green County, Texas","B17009_002",5397,717
"452","48451","Tom Green County, Texas","B17009_019",4251,492
"453","48453","Travis County, Texas","B17009_002",66724,2726
"454","48453","Travis County, Texas","B17009_019",33406,1650
"455","48455","Trinity County, Texas","B17009_002",987,202
"456","48455","Trinity County, Texas","B17009_019",751,174
"457","48457","Tyler County, Texas","B17009_002",1109,226
"458","48457","Tyler County, Texas","B17009_019",854,172
"459","48459","Upshur County, Texas","B17009_002",1700,337
"460","48459","Upshur County, Texas","B17009_019",1932,313
"461","48461","Upton County, Texas","B17009_002",197,93
"462","48461","Upton County, Texas","B17009_019",101,52
"463","48463","Uvalde County, Texas","B17009_002",1085,287
"464","48463","Uvalde County, Texas","B17009_019",613,241
"465","48465","Val Verde County, Texas","B17009_002",1949,354
"466","48465","Val Verde County, Texas","B17009_019",933,211
"467","48467","Van Zandt County, Texas","B17009_002",2347,473
"468","48467","Van Zandt County, Texas","B17009_019",2705,397
"469","48469","Victoria County, Texas","B17009_002",5252,810
"470","48469","Victoria County, Texas","B17009_019",3313,381
"471","48471","Walker County, Texas","B17009_002",6821,1018
"472","48471","Walker County, Texas","B17009_019",2834,595
"473","48473","Waller County, Texas","B17009_002",2744,658
"474","48473","Waller County, Texas","B17009_019",855,213
"475","48475","Ward County, Texas","B17009_002",370,154
"476","48475","Ward County, Texas","B17009_019",269,95
"477","48477","Washington County, Texas","B17009_002",1885,447
"478","48477","Washington County, Texas","B17009_019",1442,271
"479","48479","Webb County, Texas","B17009_002",9056,833
"480","48479","Webb County, Texas","B17009_019",2767,432
"481","48481","Wharton County, Texas","B17009_002",1478,354
"482","48481","Wharton County, Texas","B17009_019",1455,311
"483","48483","Wheeler County, Texas","B17009_002",214,82
"484","48483","Wheeler County, Texas","B17009_019",124,45
"485","48485","Wichita County, Texas","B17009_002",6533,663
"486","48485","Wichita County, Texas","B17009_019",4573,437
"487","48487","Wilbarger County, Texas","B17009_002",684,216
"488","48487","Wilbarger County, Texas","B17009_019",796,148
"489","48489","Willacy County, Texas","B17009_002",1165,318
"490","48489","Willacy County, Texas","B17009_019",280,135
"491","48491","Williamson County, Texas","B17009_002",17005,1459
"492","48491","Williamson County, Texas","B17009_019",17101,1249
"493","48493","Wilson County, Texas","B17009_002",1606,300
"494","48493","Wilson County, Texas","B17009_019",1361,266
"495","48495","Winkler County, Texas","B17009_002",355,147
"496","48495","Winkler County, Texas","B17009_019",143,58
"497","48497","Wise County, Texas","B17009_002",2078,419
"498","48497","Wise County, Texas","B17009_019",2159,282
"499","48499","Wood County, Texas","B17009_002",2387,435
"500","48499","Wood County, Texas","B17009_019",3130,479
"501","48501","Yoakum County, Texas","B17009_002",88,75
"502","48501","Yoakum County, Texas","B17009_019",149,82
"503","48503","Young County, Texas","B17009_002",766,202
"504","48503","Young County, Texas","B17009_019",816,199
"505","48505","Zapata County, Texas","B17009_002",913,233
"506","48505","Zapata County, Texas","B17009_019",396,179
"507","48507","Zavala County, Texas","B17009_002",784,274
"508","48507","Zavala County, Texas","B17009_019",92,50
